country_name,local_unit_name,year,time,deaths,time_unit
China,Wuhan City,2020,1,339,weekly
China,Wuhan City,0,1,321,weekly
China,Wuhan City,2020,2,341,weekly
China,Wuhan City,0,2,305,weekly
China,Wuhan City,2020,3,372,weekly
China,Wuhan City,0,3,321,weekly
China,Wuhan City,2020,4,614,weekly
China,Wuhan City,0,4,310,weekly
China,Wuhan City,2020,5,879,weekly
China,Wuhan City,0,5,302,weekly
China,Wuhan City,2020,6,892,weekly
China,Wuhan City,0,6,332,weekly
China,Wuhan City,2020,7,666,weekly
China,Wuhan City,0,7,308,weekly
China,Wuhan City,2020,8,509,weekly
China,Wuhan City,0,8,305,weekly
China,Wuhan City,2020,9,400,weekly
China,Wuhan City,0,9,284,weekly
China,Wuhan City,2020,10,370,weekly
China,Wuhan City,0,10,272,weekly
China,Wuhan City,2020,11,324,weekly
China,Wuhan City,0,11,252,weekly
China,Wuhan City,2020,12,293,weekly
China,Wuhan City,0,12,261,weekly
China,Wuhan City,2020,13,278,weekly
China,Wuhan City,0,13,228,weekly
Belarus,Mogilev City,2020,1,88,weekly
Belarus,Mogilev City,2019,1,70,weekly
Belarus,Mogilev City,2020,2,93,weekly
Belarus,Mogilev City,2019,2,99,weekly
Belarus,Mogilev City,2020,3,76,weekly
Belarus,Mogilev City,2019,3,87,weekly
Belarus,Mogilev City,2020,4,86,weekly
Belarus,Mogilev City,2019,4,91,weekly
Belarus,Mogilev City,2020,5,79,weekly
Belarus,Mogilev City,2019,5,99,weekly
Belarus,Mogilev City,2020,6,79,weekly
Belarus,Mogilev City,2019,6,78,weekly
Belarus,Mogilev City,2020,7,87,weekly
Belarus,Mogilev City,2019,7,93,weekly
Belarus,Mogilev City,2020,8,88,weekly
Belarus,Mogilev City,2019,8,86,weekly
Belarus,Mogilev City,2020,9,90,weekly
Belarus,Mogilev City,2019,9,71,weekly
Belarus,Mogilev City,2020,10,86,weekly
Belarus,Mogilev City,2019,10,113,weekly
Belarus,Mogilev City,2020,11,73,weekly
Belarus,Mogilev City,2019,11,73,weekly
Belarus,Mogilev City,2020,12,74,weekly
Belarus,Mogilev City,2019,12,73,weekly
Belarus,Mogilev City,2020,13,83,weekly
Belarus,Mogilev City,2019,13,89,weekly
Belarus,Mogilev City,2020,14,96,weekly
Belarus,Mogilev City,2019,14,73,weekly
Belarus,Mogilev City,2020,15,62,weekly
Belarus,Mogilev City,2019,15,70,weekly
Belarus,Mogilev City,2020,16,79,weekly
Belarus,Mogilev City,2019,16,86,weekly
Belarus,Mogilev City,2020,17,114,weekly
Belarus,Mogilev City,2019,17,93,weekly
Belarus,Mogilev City,2020,18,73,weekly
Belarus,Mogilev City,2019,18,74,weekly
Belarus,Mogilev City,2020,19,81,weekly
Belarus,Mogilev City,2019,19,92,weekly
Belarus,Mogilev City,2020,20,92,weekly
Belarus,Mogilev City,2019,20,83,weekly
Belarus,Mogilev City,2020,21,134,weekly
Belarus,Mogilev City,2019,21,74,weekly
Belarus,Mogilev City,2020,22,134,weekly
Belarus,Mogilev City,2019,22,81,weekly
Belarus,Mogilev City,2020,23,114,weekly
Belarus,Mogilev City,2019,23,75,weekly
Belarus,Mogilev City,2020,24,104,weekly
Belarus,Mogilev City,2019,24,82,weekly
Belarus,Mogilev City,2020,25,92,weekly
Belarus,Mogilev City,2019,25,78,weekly
Belarus,Mogilev City,2020,26,95,weekly
Belarus,Mogilev City,2019,26,88,weekly
Belarus,Mogilev City,2020,27,85,weekly
Belarus,Mogilev City,2019,27,72,weekly
Belarus,Mogilev City,2020,28,100,weekly
Belarus,Mogilev City,2019,28,77,weekly
Belarus,Mogilev City,2020,29,70,weekly
Belarus,Mogilev City,2019,29,70,weekly
Belarus,Mogilev City,2020,30,88,weekly
Belarus,Mogilev City,2019,30,81,weekly
Belarus,Mogilev City,2020,31,99,weekly
Belarus,Mogilev City,2019,31,63,weekly
Belarus,Mogilev City,2020,32,74,weekly
Belarus,Mogilev City,2019,32,79,weekly
Belarus,Mogilev City,2020,33,96,weekly
Belarus,Mogilev City,2019,33,82,weekly
Belarus,Mogilev City,2020,34,116,weekly
Belarus,Mogilev City,2019,34,85,weekly
Belarus,Mogilev City,2020,35,96,weekly
Belarus,Mogilev City,2019,35,87,weekly
Belarus,Mogilev City,2020,36,82,weekly
Belarus,Mogilev City,2019,36,98,weekly
Belarus,Mogilev City,2020,37,100,weekly
Belarus,Mogilev City,2019,37,68,weekly
Belarus,Mogilev City,2020,38,117,weekly
Belarus,Mogilev City,2019,38,73,weekly
Belarus,Mogilev City,2020,39,107,weekly
Belarus,Mogilev City,2019,39,77,weekly
Belarus,Mogilev City,2020,40,140,weekly
Belarus,Mogilev City,2019,40,75,weekly
Belarus,Mogilev City,2020,41,122,weekly
Belarus,Mogilev City,2019,41,87,weekly
Belarus,Mogilev City,2020,42,148,weekly
Belarus,Mogilev City,2019,42,80,weekly
Belarus,Mogilev City,2020,43,163,weekly
Belarus,Mogilev City,2019,43,78,weekly
Belarus,Mogilev City,2020,44,144,weekly
Belarus,Mogilev City,2019,44,75,weekly
Belarus,Mogilev City,2019,45,87,weekly
Belarus,Mogilev City,2019,46,90,weekly
Belarus,Mogilev City,2019,47,88,weekly
Belarus,Mogilev City,2019,48,87,weekly
Turkey,Istanbul City,2015,1,1400,weekly
Turkey,Istanbul City,2015,2,1489,weekly
Turkey,Istanbul City,2015,3,1440,weekly
Turkey,Istanbul City,2015,4,1408,weekly
Turkey,Istanbul City,2015,5,1456,weekly
Turkey,Istanbul City,2015,6,1391,weekly
Turkey,Istanbul City,2015,7,1426,weekly
Turkey,Istanbul City,2015,8,1554,weekly
Turkey,Istanbul City,2015,9,1511,weekly
Turkey,Istanbul City,2015,10,1522,weekly
Turkey,Istanbul City,2015,11,1526,weekly
Turkey,Istanbul City,2015,12,1586,weekly
Turkey,Istanbul City,2015,13,1547,weekly
Turkey,Istanbul City,2015,14,1529,weekly
Turkey,Istanbul City,2015,15,1452,weekly
Turkey,Istanbul City,2015,16,1378,weekly
Turkey,Istanbul City,2015,17,1463,weekly
Turkey,Istanbul City,2015,18,1392,weekly
Turkey,Istanbul City,2015,19,1368,weekly
Turkey,Istanbul City,2015,20,1279,weekly
Turkey,Istanbul City,2015,21,1262,weekly
Turkey,Istanbul City,2015,22,1265,weekly
Turkey,Istanbul City,2015,23,1163,weekly
Turkey,Istanbul City,2015,24,1235,weekly
Turkey,Istanbul City,2015,25,1245,weekly
Turkey,Istanbul City,2015,26,1157,weekly
Turkey,Istanbul City,2015,27,1240,weekly
Turkey,Istanbul City,2015,28,1249,weekly
Turkey,Istanbul City,2015,29,1217,weekly
Turkey,Istanbul City,2015,30,1236,weekly
Turkey,Istanbul City,2015,31,1379,weekly
Turkey,Istanbul City,2015,32,1308,weekly
Turkey,Istanbul City,2015,33,1323,weekly
Turkey,Istanbul City,2015,34,1302,weekly
Turkey,Istanbul City,2015,35,1218,weekly
Turkey,Istanbul City,2015,36,1253,weekly
Turkey,Istanbul City,2015,37,1176,weekly
Turkey,Istanbul City,2015,38,1192,weekly
Turkey,Istanbul City,2015,39,1188,weekly
Turkey,Istanbul City,2015,40,1179,weekly
Turkey,Istanbul City,2015,41,1275,weekly
Turkey,Istanbul City,2015,42,1205,weekly
Turkey,Istanbul City,2015,43,1335,weekly
Turkey,Istanbul City,2015,44,1377,weekly
Turkey,Istanbul City,2015,45,1388,weekly
Turkey,Istanbul City,2015,46,1319,weekly
Turkey,Istanbul City,2015,47,1372,weekly
Turkey,Istanbul City,2015,48,1327,weekly
Turkey,Istanbul City,2015,49,1361,weekly
Turkey,Istanbul City,2015,50,1410,weekly
Turkey,Istanbul City,2015,51,1507,weekly
Turkey,Istanbul City,2015,52,1407,weekly
Turkey,Istanbul City,2015,53,1545,weekly
Turkey,Istanbul City,2016,1,1637,weekly
Turkey,Istanbul City,2016,2,1698,weekly
Turkey,Istanbul City,2016,3,1682,weekly
Turkey,Istanbul City,2016,4,1828,weekly
Turkey,Istanbul City,2016,5,1727,weekly
Turkey,Istanbul City,2016,6,1575,weekly
Turkey,Istanbul City,2016,7,1531,weekly
Turkey,Istanbul City,2016,8,1473,weekly
Turkey,Istanbul City,2016,9,1359,weekly
Turkey,Istanbul City,2016,10,1392,weekly
Turkey,Istanbul City,2016,11,1424,weekly
Turkey,Istanbul City,2016,12,1455,weekly
Turkey,Istanbul City,2016,13,1419,weekly
Turkey,Istanbul City,2016,14,1404,weekly
Turkey,Istanbul City,2016,15,1359,weekly
Turkey,Istanbul City,2016,16,1362,weekly
Turkey,Istanbul City,2016,17,1240,weekly
Turkey,Istanbul City,2016,18,1324,weekly
Turkey,Istanbul City,2016,19,1411,weekly
Turkey,Istanbul City,2016,20,1283,weekly
Turkey,Istanbul City,2016,21,1360,weekly
Turkey,Istanbul City,2016,22,1334,weekly
Turkey,Istanbul City,2016,23,1242,weekly
Turkey,Istanbul City,2016,24,1315,weekly
Turkey,Istanbul City,2016,25,1364,weekly
Turkey,Istanbul City,2016,26,1406,weekly
Turkey,Istanbul City,2016,27,1174,weekly
Turkey,Istanbul City,2016,28,1460,weekly
Turkey,Istanbul City,2016,29,1309,weekly
Turkey,Istanbul City,2016,30,1367,weekly
Turkey,Istanbul City,2016,31,1321,weekly
Turkey,Istanbul City,2016,32,1336,weekly
Turkey,Istanbul City,2016,33,1342,weekly
Turkey,Istanbul City,2016,34,1249,weekly
Turkey,Istanbul City,2016,35,1164,weekly
Turkey,Istanbul City,2016,36,1272,weekly
Turkey,Istanbul City,2016,37,1280,weekly
Turkey,Istanbul City,2016,38,1254,weekly
Turkey,Istanbul City,2016,39,1306,weekly
Turkey,Istanbul City,2016,40,1355,weekly
Turkey,Istanbul City,2016,41,1357,weekly
Turkey,Istanbul City,2016,42,1420,weekly
Turkey,Istanbul City,2016,43,1353,weekly
Turkey,Istanbul City,2016,44,1511,weekly
Turkey,Istanbul City,2016,45,1436,weekly
Turkey,Istanbul City,2016,46,1460,weekly
Turkey,Istanbul City,2016,47,1474,weekly
Turkey,Istanbul City,2016,48,1429,weekly
Turkey,Istanbul City,2016,49,1501,weekly
Turkey,Istanbul City,2016,50,1474,weekly
Turkey,Istanbul City,2016,51,1631,weekly
Turkey,Istanbul City,2016,52,1764,weekly
Turkey,Istanbul City,2017,1,1940,weekly
Turkey,Istanbul City,2017,2,1937,weekly
Turkey,Istanbul City,2017,3,1827,weekly
Turkey,Istanbul City,2017,4,1767,weekly
Turkey,Istanbul City,2017,5,1594,weekly
Turkey,Istanbul City,2017,6,1566,weekly
Turkey,Istanbul City,2017,7,1552,weekly
Turkey,Istanbul City,2017,8,1497,weekly
Turkey,Istanbul City,2017,9,1473,weekly
Turkey,Istanbul City,2017,10,1469,weekly
Turkey,Istanbul City,2017,11,1460,weekly
Turkey,Istanbul City,2017,12,1488,weekly
Turkey,Istanbul City,2017,13,1431,weekly
Turkey,Istanbul City,2017,14,1418,weekly
Turkey,Istanbul City,2017,15,1489,weekly
Turkey,Istanbul City,2017,16,1399,weekly
Turkey,Istanbul City,2017,17,1429,weekly
Turkey,Istanbul City,2017,18,1360,weekly
Turkey,Istanbul City,2017,19,1341,weekly
Turkey,Istanbul City,2017,20,1354,weekly
Turkey,Istanbul City,2017,21,1403,weekly
Turkey,Istanbul City,2017,22,1352,weekly
Turkey,Istanbul City,2017,23,1266,weekly
Turkey,Istanbul City,2017,24,1294,weekly
Turkey,Istanbul City,2017,25,1324,weekly
Turkey,Istanbul City,2017,26,1442,weekly
Turkey,Istanbul City,2017,27,1436,weekly
Turkey,Istanbul City,2017,28,1380,weekly
Turkey,Istanbul City,2017,29,1219,weekly
Turkey,Istanbul City,2017,30,1304,weekly
Turkey,Istanbul City,2017,31,1267,weekly
Turkey,Istanbul City,2017,32,1296,weekly
Turkey,Istanbul City,2017,33,1266,weekly
Turkey,Istanbul City,2017,34,1274,weekly
Turkey,Istanbul City,2017,35,1204,weekly
Turkey,Istanbul City,2017,36,1308,weekly
Turkey,Istanbul City,2017,37,1367,weekly
Turkey,Istanbul City,2017,38,1266,weekly
Turkey,Istanbul City,2017,39,1292,weekly
Turkey,Istanbul City,2017,40,1268,weekly
Turkey,Istanbul City,2017,41,1360,weekly
Turkey,Istanbul City,2017,42,1391,weekly
Turkey,Istanbul City,2017,43,1419,weekly
Turkey,Istanbul City,2017,44,1486,weekly
Turkey,Istanbul City,2017,45,1434,weekly
Turkey,Istanbul City,2017,46,1480,weekly
Turkey,Istanbul City,2017,47,1493,weekly
Turkey,Istanbul City,2017,48,1558,weekly
Turkey,Istanbul City,2017,49,1470,weekly
Turkey,Istanbul City,2017,50,1502,weekly
Turkey,Istanbul City,2017,51,1545,weekly
Turkey,Istanbul City,2017,52,1621,weekly
Turkey,Istanbul City,2018,1,1552,weekly
Turkey,Istanbul City,2018,2,1517,weekly
Turkey,Istanbul City,2018,3,1643,weekly
Turkey,Istanbul City,2018,4,1633,weekly
Turkey,Istanbul City,2018,5,1618,weekly
Turkey,Istanbul City,2018,6,1539,weekly
Turkey,Istanbul City,2018,7,1458,weekly
Turkey,Istanbul City,2018,8,1511,weekly
Turkey,Istanbul City,2018,9,1610,weekly
Turkey,Istanbul City,2018,10,1493,weekly
Turkey,Istanbul City,2018,11,1454,weekly
Turkey,Istanbul City,2018,12,1467,weekly
Turkey,Istanbul City,2018,13,1404,weekly
Turkey,Istanbul City,2018,14,1472,weekly
Turkey,Istanbul City,2018,15,1442,weekly
Turkey,Istanbul City,2018,16,1417,weekly
Turkey,Istanbul City,2018,17,1462,weekly
Turkey,Istanbul City,2018,18,1374,weekly
Turkey,Istanbul City,2018,19,1403,weekly
Turkey,Istanbul City,2018,20,1398,weekly
Turkey,Istanbul City,2018,21,1401,weekly
Turkey,Istanbul City,2018,22,1266,weekly
Turkey,Istanbul City,2018,23,1412,weekly
Turkey,Istanbul City,2018,24,1295,weekly
Turkey,Istanbul City,2018,25,1416,weekly
Turkey,Istanbul City,2018,26,1314,weekly
Turkey,Istanbul City,2018,27,1390,weekly
Turkey,Istanbul City,2018,28,1367,weekly
Turkey,Istanbul City,2018,29,1395,weekly
Turkey,Istanbul City,2018,30,1301,weekly
Turkey,Istanbul City,2018,31,1347,weekly
Turkey,Istanbul City,2018,32,1419,weekly
Turkey,Istanbul City,2018,33,1374,weekly
Turkey,Istanbul City,2018,34,1325,weekly
Turkey,Istanbul City,2018,35,1291,weekly
Turkey,Istanbul City,2018,36,1323,weekly
Turkey,Istanbul City,2018,37,1266,weekly
Turkey,Istanbul City,2018,38,1319,weekly
Turkey,Istanbul City,2018,39,1323,weekly
Turkey,Istanbul City,2018,40,1354,weekly
Turkey,Istanbul City,2018,41,1353,weekly
Turkey,Istanbul City,2018,42,1365,weekly
Turkey,Istanbul City,2018,43,1385,weekly
Turkey,Istanbul City,2018,44,1466,weekly
Turkey,Istanbul City,2018,45,1403,weekly
Turkey,Istanbul City,2018,46,1461,weekly
Turkey,Istanbul City,2018,47,1469,weekly
Turkey,Istanbul City,2018,48,1528,weekly
Turkey,Istanbul City,2018,49,1459,weekly
Turkey,Istanbul City,2018,50,1532,weekly
Turkey,Istanbul City,2018,51,1554,weekly
Turkey,Istanbul City,2018,52,1606,weekly
Turkey,Istanbul City,2019,1,1764,weekly
Turkey,Istanbul City,2019,2,1907,weekly
Turkey,Istanbul City,2019,3,1981,weekly
Turkey,Istanbul City,2019,4,1956,weekly
Turkey,Istanbul City,2019,5,1867,weekly
Turkey,Istanbul City,2019,6,1731,weekly
Turkey,Istanbul City,2019,7,1569,weekly
Turkey,Istanbul City,2019,8,1615,weekly
Turkey,Istanbul City,2019,9,1576,weekly
Turkey,Istanbul City,2019,10,1528,weekly
Turkey,Istanbul City,2019,11,1454,weekly
Turkey,Istanbul City,2019,12,1500,weekly
Turkey,Istanbul City,2019,13,1501,weekly
Turkey,Istanbul City,2019,14,1431,weekly
Turkey,Istanbul City,2019,15,1416,weekly
Turkey,Istanbul City,2019,16,1398,weekly
Turkey,Istanbul City,2019,17,1411,weekly
Turkey,Istanbul City,2019,18,1488,weekly
Turkey,Istanbul City,2019,19,1416,weekly
Turkey,Istanbul City,2019,20,1391,weekly
Turkey,Istanbul City,2019,21,1377,weekly
Turkey,Istanbul City,2019,22,1420,weekly
Turkey,Istanbul City,2019,23,1351,weekly
Turkey,Istanbul City,2019,24,1371,weekly
Turkey,Istanbul City,2019,25,1389,weekly
Turkey,Istanbul City,2019,26,1363,weekly
Turkey,Istanbul City,2019,27,1348,weekly
Turkey,Istanbul City,2019,28,1263,weekly
Turkey,Istanbul City,2019,29,1298,weekly
Turkey,Istanbul City,2019,30,1310,weekly
Turkey,Istanbul City,2019,31,1390,weekly
Turkey,Istanbul City,2019,32,1277,weekly
Turkey,Istanbul City,2019,33,1279,weekly
Turkey,Istanbul City,2019,34,1286,weekly
Turkey,Istanbul City,2019,35,1334,weekly
Turkey,Istanbul City,2019,36,1334,weekly
Turkey,Istanbul City,2019,37,1293,weekly
Turkey,Istanbul City,2019,38,1284,weekly
Turkey,Istanbul City,2019,39,1390,weekly
Turkey,Istanbul City,2019,40,1393,weekly
Turkey,Istanbul City,2019,41,1336,weekly
Turkey,Istanbul City,2019,42,1375,weekly
Turkey,Istanbul City,2019,43,1385,weekly
Turkey,Istanbul City,2019,44,1426,weekly
Turkey,Istanbul City,2019,45,1460,weekly
Turkey,Istanbul City,2019,46,1377,weekly
Turkey,Istanbul City,2019,47,1407,weekly
Turkey,Istanbul City,2019,48,1462,weekly
Turkey,Istanbul City,2019,49,1407,weekly
Turkey,Istanbul City,2019,50,1454,weekly
Turkey,Istanbul City,2019,51,1581,weekly
Turkey,Istanbul City,2019,52,1540,weekly
Turkey,Istanbul City,2020,1,1696,weekly
Turkey,Istanbul City,2020,2,1767,weekly
Turkey,Istanbul City,2020,3,1815,weekly
Turkey,Istanbul City,2020,4,1805,weekly
Turkey,Istanbul City,2020,5,1741,weekly
Turkey,Istanbul City,2020,6,1603,weekly
Turkey,Istanbul City,2020,7,1595,weekly
Turkey,Istanbul City,2020,8,1455,weekly
Turkey,Istanbul City,2020,9,1507,weekly
Turkey,Istanbul City,2020,10,1496,weekly
Turkey,Istanbul City,2020,11,1489,weekly
Turkey,Istanbul City,2020,12,1755,weekly
Turkey,Istanbul City,2020,13,1792,weekly
Turkey,Istanbul City,2020,14,2220,weekly
Turkey,Istanbul City,2020,15,2258,weekly
Turkey,Istanbul City,2020,16,2121,weekly
Turkey,Istanbul City,2020,17,1962,weekly
Turkey,Istanbul City,2020,18,1829,weekly
Turkey,Istanbul City,2020,19,1694,weekly
Turkey,Istanbul City,2020,20,1580,weekly
Turkey,Istanbul City,2020,21,1474,weekly
Turkey,Istanbul City,2020,22,1394,weekly
Turkey,Istanbul City,2020,23,1433,weekly
Turkey,Istanbul City,2020,24,1481,weekly
Turkey,Istanbul City,2020,25,1432,weekly
Turkey,Istanbul City,2020,26,1355,weekly
Turkey,Istanbul City,2020,27,1401,weekly
Turkey,Istanbul City,2020,28,1412,weekly
Turkey,Istanbul City,2020,29,1323,weekly
Turkey,Istanbul City,2020,30,1339,weekly
Turkey,Istanbul City,2020,31,1380,weekly
Turkey,Istanbul City,2020,32,1469,weekly
Turkey,Istanbul City,2020,33,1457,weekly
Turkey,Istanbul City,2020,34,1355,weekly
Turkey,Istanbul City,2020,35,1455,weekly
Turkey,Istanbul City,2020,36,1445,weekly
Turkey,Istanbul City,2020,37,1442,weekly
Turkey,Istanbul City,2020,38,1464,weekly
Turkey,Istanbul City,2020,39,1495,weekly
Turkey,Istanbul City,2020,40,1464,weekly
Turkey,Istanbul City,2020,41,1457,weekly
Turkey,Istanbul City,2020,42,1606,weekly
Turkey,Istanbul City,2020,43,1783,weekly
Turkey,Istanbul City,2020,44,2012,weekly
Turkey,Istanbul City,2020,45,2251,weekly
Turkey,Istanbul City,2020,46,2652,weekly
Turkey,Istanbul City,2020,47,2899,weekly
Turkey,Istanbul City,2020,48,2985,weekly
Turkey,Istanbul City,2020,49,3012,weekly
Turkey,Istanbul City,2020,50,2854,weekly
Turkey,Istanbul City,2020,51,2574,weekly
Turkey,Istanbul City,2020,52,2313,weekly
Turkey,Istanbul City,2020,53,2021,weekly
Turkey,Istanbul City,2021,1,1876,weekly
Turkey,Istanbul City,2021,2,1770,weekly
Turkey,Istanbul City,2021,3,1746,weekly
Turkey,Istanbul City,2021,4,1645,weekly
Turkey,Istanbul City,2021,5,1559,weekly
Turkey,Istanbul City,2021,6,1533,weekly
Turkey,Istanbul City,2021,7,1573,weekly
Turkey,Istanbul City,2021,8,1617,weekly
Turkey,Istanbul City,2021,9,1596,weekly
Turkey,Istanbul City,2021,10,1672,weekly
Turkey,Ankara City,2016,1,337,weekly
Turkey,Ankara City,2016,2,316,weekly
Turkey,Ankara City,2016,3,313,weekly
Turkey,Ankara City,2016,4,253,weekly
Turkey,Ankara City,2016,5,281,weekly
Turkey,Ankara City,2016,6,243,weekly
Turkey,Ankara City,2016,7,247,weekly
Turkey,Ankara City,2016,8,204,weekly
Turkey,Ankara City,2016,9,231,weekly
Turkey,Ankara City,2016,10,224,weekly
Turkey,Ankara City,2016,11,241,weekly
Turkey,Ankara City,2016,12,273,weekly
Turkey,Ankara City,2016,13,271,weekly
Turkey,Ankara City,2016,14,255,weekly
Turkey,Ankara City,2016,15,279,weekly
Turkey,Ankara City,2016,16,226,weekly
Turkey,Ankara City,2016,17,240,weekly
Turkey,Ankara City,2016,18,227,weekly
Turkey,Ankara City,2016,19,258,weekly
Turkey,Ankara City,2016,20,229,weekly
Turkey,Ankara City,2016,21,214,weekly
Turkey,Ankara City,2016,22,249,weekly
Turkey,Ankara City,2016,23,203,weekly
Turkey,Ankara City,2016,24,217,weekly
Turkey,Ankara City,2016,25,263,weekly
Turkey,Ankara City,2016,26,231,weekly
Turkey,Ankara City,2016,27,219,weekly
Turkey,Ankara City,2016,28,261,weekly
Turkey,Ankara City,2016,29,240,weekly
Turkey,Ankara City,2016,30,193,weekly
Turkey,Ankara City,2016,31,227,weekly
Turkey,Ankara City,2016,32,260,weekly
Turkey,Ankara City,2016,33,227,weekly
Turkey,Ankara City,2016,34,241,weekly
Turkey,Ankara City,2016,35,214,weekly
Turkey,Ankara City,2016,36,230,weekly
Turkey,Ankara City,2016,37,226,weekly
Turkey,Ankara City,2016,38,229,weekly
Turkey,Ankara City,2016,39,226,weekly
Turkey,Ankara City,2016,40,240,weekly
Turkey,Ankara City,2016,41,224,weekly
Turkey,Ankara City,2016,42,238,weekly
Turkey,Ankara City,2016,43,237,weekly
Turkey,Ankara City,2016,44,249,weekly
Turkey,Ankara City,2016,45,231,weekly
Turkey,Ankara City,2016,46,266,weekly
Turkey,Ankara City,2016,47,236,weekly
Turkey,Ankara City,2016,48,246,weekly
Turkey,Ankara City,2016,49,225,weekly
Turkey,Ankara City,2016,50,274,weekly
Turkey,Ankara City,2016,51,272,weekly
Turkey,Ankara City,2016,52,252,weekly
Turkey,Ankara City,2017,1,278,weekly
Turkey,Ankara City,2017,2,302,weekly
Turkey,Ankara City,2017,3,276,weekly
Turkey,Ankara City,2017,4,298,weekly
Turkey,Ankara City,2017,5,319,weekly
Turkey,Ankara City,2017,6,313,weekly
Turkey,Ankara City,2017,7,249,weekly
Turkey,Ankara City,2017,8,261,weekly
Turkey,Ankara City,2017,9,285,weekly
Turkey,Ankara City,2017,10,266,weekly
Turkey,Ankara City,2017,11,265,weekly
Turkey,Ankara City,2017,12,223,weekly
Turkey,Ankara City,2017,13,247,weekly
Turkey,Ankara City,2017,14,249,weekly
Turkey,Ankara City,2017,15,248,weekly
Turkey,Ankara City,2017,16,255,weekly
Turkey,Ankara City,2017,17,246,weekly
Turkey,Ankara City,2017,18,261,weekly
Turkey,Ankara City,2017,19,204,weekly
Turkey,Ankara City,2017,20,255,weekly
Turkey,Ankara City,2017,21,234,weekly
Turkey,Ankara City,2017,22,241,weekly
Turkey,Ankara City,2017,23,265,weekly
Turkey,Ankara City,2017,24,239,weekly
Turkey,Ankara City,2017,25,227,weekly
Turkey,Ankara City,2017,26,248,weekly
Turkey,Ankara City,2017,27,133,weekly
Turkey,Ankara City,2017,28,137,weekly
Turkey,Ankara City,2017,29,265,weekly
Turkey,Ankara City,2017,30,227,weekly
Turkey,Ankara City,2017,31,229,weekly
Turkey,Ankara City,2017,32,239,weekly
Turkey,Ankara City,2017,33,242,weekly
Turkey,Ankara City,2017,34,221,weekly
Turkey,Ankara City,2017,35,200,weekly
Turkey,Ankara City,2017,36,227,weekly
Turkey,Ankara City,2017,37,251,weekly
Turkey,Ankara City,2017,38,227,weekly
Turkey,Ankara City,2017,39,246,weekly
Turkey,Ankara City,2017,40,221,weekly
Turkey,Ankara City,2017,41,231,weekly
Turkey,Ankara City,2017,42,266,weekly
Turkey,Ankara City,2017,43,270,weekly
Turkey,Ankara City,2017,44,265,weekly
Turkey,Ankara City,2017,45,229,weekly
Turkey,Ankara City,2017,46,262,weekly
Turkey,Ankara City,2017,47,259,weekly
Turkey,Ankara City,2017,48,250,weekly
Turkey,Ankara City,2017,49,224,weekly
Turkey,Ankara City,2017,50,298,weekly
Turkey,Ankara City,2017,51,247,weekly
Turkey,Ankara City,2017,52,236,weekly
Turkey,Ankara City,2018,1,195,weekly
Turkey,Ankara City,2018,2,241,weekly
Turkey,Ankara City,2018,3,214,weekly
Turkey,Ankara City,2018,4,175,weekly
Turkey,Ankara City,2018,5,206,weekly
Turkey,Ankara City,2018,6,201,weekly
Turkey,Ankara City,2018,7,165,weekly
Turkey,Ankara City,2018,8,161,weekly
Turkey,Ankara City,2018,9,169,weekly
Turkey,Ankara City,2018,10,177,weekly
Turkey,Ankara City,2018,11,136,weekly
Turkey,Ankara City,2018,12,137,weekly
Turkey,Ankara City,2018,13,165,weekly
Turkey,Ankara City,2018,14,146,weekly
Turkey,Ankara City,2018,15,211,weekly
Turkey,Ankara City,2018,16,273,weekly
Turkey,Ankara City,2018,17,288,weekly
Turkey,Ankara City,2018,18,256,weekly
Turkey,Ankara City,2018,19,279,weekly
Turkey,Ankara City,2018,20,253,weekly
Turkey,Ankara City,2018,21,189,weekly
Turkey,Ankara City,2018,22,147,weekly
Turkey,Ankara City,2018,23,200,weekly
Turkey,Ankara City,2018,24,280,weekly
Turkey,Ankara City,2018,25,268,weekly
Turkey,Ankara City,2018,26,269,weekly
Turkey,Ankara City,2018,27,319,weekly
Turkey,Ankara City,2018,28,290,weekly
Turkey,Ankara City,2018,29,263,weekly
Turkey,Ankara City,2018,30,203,weekly
Turkey,Ankara City,2018,31,296,weekly
Turkey,Ankara City,2018,32,282,weekly
Turkey,Ankara City,2018,33,356,weekly
Turkey,Ankara City,2018,34,303,weekly
Turkey,Ankara City,2018,35,290,weekly
Turkey,Ankara City,2018,36,147,weekly
Turkey,Ankara City,2018,37,141,weekly
Turkey,Ankara City,2018,38,164,weekly
Turkey,Ankara City,2018,39,162,weekly
Turkey,Ankara City,2018,40,152,weekly
Turkey,Ankara City,2018,41,158,weekly
Turkey,Ankara City,2018,42,258,weekly
Turkey,Ankara City,2018,43,251,weekly
Turkey,Ankara City,2018,44,222,weekly
Turkey,Ankara City,2018,45,277,weekly
Turkey,Ankara City,2018,46,270,weekly
Turkey,Ankara City,2018,47,218,weekly
Turkey,Ankara City,2018,48,154,weekly
Turkey,Ankara City,2018,49,170,weekly
Turkey,Ankara City,2018,50,184,weekly
Turkey,Ankara City,2018,51,197,weekly
Turkey,Ankara City,2018,52,294,weekly
Turkey,Ankara City,2019,1,309,weekly
Turkey,Ankara City,2019,2,315,weekly
Turkey,Ankara City,2019,3,324,weekly
Turkey,Ankara City,2019,4,277,weekly
Turkey,Ankara City,2019,5,275,weekly
Turkey,Ankara City,2019,6,293,weekly
Turkey,Ankara City,2019,7,246,weekly
Turkey,Ankara City,2019,8,262,weekly
Turkey,Ankara City,2019,9,258,weekly
Turkey,Ankara City,2019,10,283,weekly
Turkey,Ankara City,2019,11,245,weekly
Turkey,Ankara City,2019,12,244,weekly
Turkey,Ankara City,2019,13,267,weekly
Turkey,Ankara City,2019,14,206,weekly
Turkey,Ankara City,2019,15,214,weekly
Turkey,Ankara City,2019,16,240,weekly
Turkey,Ankara City,2019,17,260,weekly
Turkey,Ankara City,2019,18,233,weekly
Turkey,Ankara City,2019,19,226,weekly
Turkey,Ankara City,2019,20,256,weekly
Turkey,Ankara City,2019,21,227,weekly
Turkey,Ankara City,2019,22,220,weekly
Turkey,Ankara City,2019,23,226,weekly
Turkey,Ankara City,2019,24,223,weekly
Turkey,Ankara City,2019,25,205,weekly
Turkey,Ankara City,2019,26,227,weekly
Turkey,Ankara City,2019,27,199,weekly
Turkey,Ankara City,2019,28,228,weekly
Turkey,Ankara City,2019,29,225,weekly
Turkey,Ankara City,2019,30,68,weekly
Turkey,Ankara City,2019,31,264,weekly
Turkey,Ankara City,2019,32,242,weekly
Turkey,Ankara City,2019,33,252,weekly
Turkey,Ankara City,2019,34,225,weekly
Turkey,Ankara City,2019,35,207,weekly
Turkey,Ankara City,2019,36,230,weekly
Turkey,Ankara City,2019,37,200,weekly
Turkey,Ankara City,2019,38,232,weekly
Turkey,Ankara City,2019,39,183,weekly
Turkey,Ankara City,2019,40,195,weekly
Turkey,Ankara City,2019,41,228,weekly
Turkey,Ankara City,2019,42,208,weekly
Turkey,Ankara City,2019,43,215,weekly
Turkey,Ankara City,2019,44,226,weekly
Turkey,Ankara City,2019,45,205,weekly
Turkey,Ankara City,2019,46,255,weekly
Turkey,Ankara City,2019,47,238,weekly
Turkey,Ankara City,2019,48,238,weekly
Turkey,Ankara City,2019,49,249,weekly
Turkey,Ankara City,2019,50,247,weekly
Turkey,Ankara City,2019,51,276,weekly
Turkey,Ankara City,2019,52,317,weekly
Turkey,Ankara City,2020,1,294,weekly
Turkey,Ankara City,2020,2,322,weekly
Turkey,Ankara City,2020,3,313,weekly
Turkey,Ankara City,2020,4,233,weekly
Turkey,Ankara City,2020,5,305,weekly
Turkey,Ankara City,2020,6,275,weekly
Turkey,Ankara City,2020,7,269,weekly
Turkey,Ankara City,2020,8,122,weekly
Turkey,Ankara City,2020,9,207,weekly
Turkey,Ankara City,2020,10,368,weekly
Turkey,Ankara City,2020,11,311,weekly
Turkey,Ankara City,2020,12,313,weekly
Turkey,Ankara City,2020,13,319,weekly
Turkey,Ankara City,2020,14,331,weekly
Turkey,Ankara City,2020,15,318,weekly
Turkey,Ankara City,2020,16,306,weekly
Turkey,Ankara City,2020,17,270,weekly
Turkey,Ankara City,2020,18,284,weekly
Turkey,Ankara City,2020,19,274,weekly
Turkey,Ankara City,2020,20,281,weekly
Turkey,Ankara City,2020,21,270,weekly
Turkey,Ankara City,2020,22,264,weekly
Turkey,Ankara City,2020,23,250,weekly
Turkey,Ankara City,2020,24,258,weekly
Turkey,Ankara City,2020,25,267,weekly
Turkey,Ankara City,2020,26,261,weekly
Turkey,Ankara City,2020,27,268,weekly
Turkey,Ankara City,2020,28,315,weekly
Turkey,Ankara City,2020,29,282,weekly
Turkey,Ankara City,2020,30,293,weekly
Turkey,Ankara City,2020,31,361,weekly
Turkey,Ankara City,2020,32,566,weekly
Turkey,Ankara City,2020,33,330,weekly
Turkey,Ankara City,2020,34,327,weekly
Turkey,Ankara City,2020,35,389,weekly
Turkey,Ankara City,2020,36,465,weekly
Turkey,Ankara City,2020,37,440,weekly
Turkey,Ankara City,2020,38,522,weekly
Turkey,Ankara City,2020,39,437,weekly
Turkey,Ankara City,2020,40,436,weekly
Turkey,Ankara City,2020,41,425,weekly
Turkey,Ankara City,2020,42,372,weekly
Turkey,Ankara City,2020,43,357,weekly
Turkey,Ankara City,2020,44,410,weekly
Turkey,Ankara City,2020,45,408,weekly
Turkey,Ankara City,2020,46,445,weekly
Turkey,Ankara City,2020,47,435,weekly
Turkey,Ankara City,2020,48,501,weekly
Turkey,Ankara City,2020,49,470,weekly
Turkey,Ankara City,2020,50,430,weekly
Turkey,Ankara City,2020,51,420,weekly
Turkey,Ankara City,2020,52,376,weekly
Turkey,Ankara City,2020,53,360,weekly
Turkey,Ankara City,2021,1,301,weekly
Turkey,Ankara City,2021,2,293,weekly
Turkey,Ankara City,2021,3,289,weekly
Turkey,Ankara City,2021,4,316,weekly
Turkey,Ankara City,2021,5,269,weekly
Turkey,Ankara City,2021,6,264,weekly
Turkey,Ankara City,2021,7,265,weekly
Turkey,Ankara City,2021,8,235,weekly
Turkey,Ankara City,2021,9,253,weekly
Turkey,Ankara City,2021,10,259,weekly
Turkey,Ankara City,2021,11,274,weekly
Turkey,Ankara City,2021,12,270,weekly
Turkey,Ankara City,2021,13,307,weekly
Turkey,Ankara City,2021,14,341,weekly
India,Chennai City,2015,1,1268,weekly
India,Chennai City,2015,2,1202,weekly
India,Chennai City,2015,3,1182,weekly
India,Chennai City,2015,4,1325,weekly
India,Chennai City,2015,5,1200,weekly
India,Chennai City,2015,6,1175,weekly
India,Chennai City,2015,7,1214,weekly
India,Chennai City,2015,8,1185,weekly
India,Chennai City,2015,9,1179,weekly
India,Chennai City,2015,10,1191,weekly
India,Chennai City,2015,11,1165,weekly
India,Chennai City,2015,12,1094,weekly
India,Chennai City,2015,13,1069,weekly
India,Chennai City,2015,14,1027,weekly
India,Chennai City,2015,15,1043,weekly
India,Chennai City,2015,16,1030,weekly
India,Chennai City,2015,17,1098,weekly
India,Chennai City,2015,18,1046,weekly
India,Chennai City,2015,19,1097,weekly
India,Chennai City,2015,20,1026,weekly
India,Chennai City,2015,21,1227,weekly
India,Chennai City,2015,22,1272,weekly
India,Chennai City,2015,23,1056,weekly
India,Chennai City,2015,24,1072,weekly
India,Chennai City,2015,25,1099,weekly
India,Chennai City,2015,26,1159,weekly
India,Chennai City,2015,27,1081,weekly
India,Chennai City,2015,28,1111,weekly
India,Chennai City,2015,29,935,weekly
India,Chennai City,2015,30,926,weekly
India,Chennai City,2015,31,1061,weekly
India,Chennai City,2015,32,978,weekly
India,Chennai City,2015,33,1023,weekly
India,Chennai City,2015,34,984,weekly
India,Chennai City,2015,35,1049,weekly
India,Chennai City,2015,36,1043,weekly
India,Chennai City,2015,37,1005,weekly
India,Chennai City,2015,38,1095,weekly
India,Chennai City,2015,39,1044,weekly
India,Chennai City,2015,40,999,weekly
India,Chennai City,2015,41,989,weekly
India,Chennai City,2015,42,1165,weekly
India,Chennai City,2015,43,1192,weekly
India,Chennai City,2015,44,1245,weekly
India,Chennai City,2015,45,1322,weekly
India,Chennai City,2015,46,1377,weekly
India,Chennai City,2015,47,1522,weekly
India,Chennai City,2015,48,1422,weekly
India,Chennai City,2015,49,1472,weekly
India,Chennai City,2015,50,1353,weekly
India,Chennai City,2015,51,1437,weekly
India,Chennai City,2015,52,1344,weekly
India,Chennai City,2015,53,1313,weekly
India,Chennai City,2016,1,1285,weekly
India,Chennai City,2016,2,1294,weekly
India,Chennai City,2016,3,1317,weekly
India,Chennai City,2016,4,1194,weekly
India,Chennai City,2016,5,1196,weekly
India,Chennai City,2016,6,1131,weekly
India,Chennai City,2016,7,1157,weekly
India,Chennai City,2016,8,1146,weekly
India,Chennai City,2016,9,1094,weekly
India,Chennai City,2016,10,1041,weekly
India,Chennai City,2016,11,1058,weekly
India,Chennai City,2016,12,1016,weekly
India,Chennai City,2016,13,1067,weekly
India,Chennai City,2016,14,1053,weekly
India,Chennai City,2016,15,1085,weekly
India,Chennai City,2016,16,1050,weekly
India,Chennai City,2016,17,1128,weekly
India,Chennai City,2016,18,1045,weekly
India,Chennai City,2016,19,1187,weekly
India,Chennai City,2016,20,1090,weekly
India,Chennai City,2016,21,1294,weekly
India,Chennai City,2016,22,1078,weekly
India,Chennai City,2016,23,1081,weekly
India,Chennai City,2016,24,1161,weekly
India,Chennai City,2016,25,1054,weekly
India,Chennai City,2016,26,1069,weekly
India,Chennai City,2016,27,1118,weekly
India,Chennai City,2016,28,1209,weekly
India,Chennai City,2016,29,1007,weekly
India,Chennai City,2016,30,973,weekly
India,Chennai City,2016,31,1037,weekly
India,Chennai City,2016,32,1116,weekly
India,Chennai City,2016,33,1120,weekly
India,Chennai City,2016,34,992,weekly
India,Chennai City,2016,35,1026,weekly
India,Chennai City,2016,36,1085,weekly
India,Chennai City,2016,37,1047,weekly
India,Chennai City,2016,38,1098,weekly
India,Chennai City,2016,39,1082,weekly
India,Chennai City,2016,40,1062,weekly
India,Chennai City,2016,41,1056,weekly
India,Chennai City,2016,42,942,weekly
India,Chennai City,2016,43,1051,weekly
India,Chennai City,2016,44,1068,weekly
India,Chennai City,2016,45,1106,weekly
India,Chennai City,2016,46,1096,weekly
India,Chennai City,2016,47,1102,weekly
India,Chennai City,2016,48,1120,weekly
India,Chennai City,2016,49,1162,weekly
India,Chennai City,2016,50,1247,weekly
India,Chennai City,2016,51,1209,weekly
India,Chennai City,2016,52,1324,weekly
India,Chennai City,2017,1,1324,weekly
India,Chennai City,2017,2,1231,weekly
India,Chennai City,2017,3,1328,weekly
India,Chennai City,2017,4,1372,weekly
India,Chennai City,2017,5,1240,weekly
India,Chennai City,2017,6,1220,weekly
India,Chennai City,2017,7,1217,weekly
India,Chennai City,2017,8,1296,weekly
India,Chennai City,2017,9,1144,weekly
India,Chennai City,2017,10,1192,weekly
India,Chennai City,2017,11,1115,weekly
India,Chennai City,2017,12,1052,weekly
India,Chennai City,2017,13,1090,weekly
India,Chennai City,2017,14,1110,weekly
India,Chennai City,2017,15,1026,weekly
India,Chennai City,2017,16,1156,weekly
India,Chennai City,2017,17,1131,weekly
India,Chennai City,2017,18,1103,weekly
India,Chennai City,2017,19,1148,weekly
India,Chennai City,2017,20,1429,weekly
India,Chennai City,2017,21,1399,weekly
India,Chennai City,2017,22,1433,weekly
India,Chennai City,2017,23,1207,weekly
India,Chennai City,2017,24,1131,weekly
India,Chennai City,2017,25,1065,weekly
India,Chennai City,2017,26,1142,weekly
India,Chennai City,2017,27,1207,weekly
India,Chennai City,2017,28,1132,weekly
India,Chennai City,2017,29,1176,weekly
India,Chennai City,2017,30,1221,weekly
India,Chennai City,2017,31,1094,weekly
India,Chennai City,2017,32,1117,weekly
India,Chennai City,2017,33,1193,weekly
India,Chennai City,2017,34,1120,weekly
India,Chennai City,2017,35,1287,weekly
India,Chennai City,2017,36,1351,weekly
India,Chennai City,2017,37,1280,weekly
India,Chennai City,2017,38,1414,weekly
India,Chennai City,2017,39,1319,weekly
India,Chennai City,2017,40,1312,weekly
India,Chennai City,2017,41,1267,weekly
India,Chennai City,2017,42,1254,weekly
India,Chennai City,2017,43,1253,weekly
India,Chennai City,2017,44,1267,weekly
India,Chennai City,2017,45,1226,weekly
India,Chennai City,2017,46,1380,weekly
India,Chennai City,2017,47,1311,weekly
India,Chennai City,2017,48,1197,weekly
India,Chennai City,2017,49,1247,weekly
India,Chennai City,2017,50,1218,weekly
India,Chennai City,2017,51,1251,weekly
India,Chennai City,2017,52,1331,weekly
India,Chennai City,2018,1,1376,weekly
India,Chennai City,2018,2,1263,weekly
India,Chennai City,2018,3,1282,weekly
India,Chennai City,2018,4,1264,weekly
India,Chennai City,2018,5,1340,weekly
India,Chennai City,2018,6,1389,weekly
India,Chennai City,2018,7,1278,weekly
India,Chennai City,2018,8,1277,weekly
India,Chennai City,2018,9,1188,weekly
India,Chennai City,2018,10,1167,weekly
India,Chennai City,2018,11,1210,weekly
India,Chennai City,2018,12,1184,weekly
India,Chennai City,2018,13,1083,weekly
India,Chennai City,2018,14,1080,weekly
India,Chennai City,2018,15,1103,weekly
India,Chennai City,2018,16,1088,weekly
India,Chennai City,2018,17,1155,weekly
India,Chennai City,2018,18,1132,weekly
India,Chennai City,2018,19,1163,weekly
India,Chennai City,2018,20,1154,weekly
India,Chennai City,2018,21,1131,weekly
India,Chennai City,2018,22,1262,weekly
India,Chennai City,2018,23,1267,weekly
India,Chennai City,2018,24,1210,weekly
India,Chennai City,2018,25,1189,weekly
India,Chennai City,2018,26,1074,weekly
India,Chennai City,2018,27,1180,weekly
India,Chennai City,2018,28,1085,weekly
India,Chennai City,2018,29,1192,weekly
India,Chennai City,2018,30,1161,weekly
India,Chennai City,2018,31,1039,weekly
India,Chennai City,2018,32,1038,weekly
India,Chennai City,2018,33,1081,weekly
India,Chennai City,2018,34,1179,weekly
India,Chennai City,2018,35,1040,weekly
India,Chennai City,2018,36,1145,weekly
India,Chennai City,2018,37,1123,weekly
India,Chennai City,2018,38,1098,weekly
India,Chennai City,2018,39,1167,weekly
India,Chennai City,2018,40,1088,weekly
India,Chennai City,2018,41,1228,weekly
India,Chennai City,2018,42,1291,weekly
India,Chennai City,2018,43,1375,weekly
India,Chennai City,2018,44,1402,weekly
India,Chennai City,2018,45,1406,weekly
India,Chennai City,2018,46,1460,weekly
India,Chennai City,2018,47,1269,weekly
India,Chennai City,2018,48,1276,weekly
India,Chennai City,2018,49,1255,weekly
India,Chennai City,2018,50,1270,weekly
India,Chennai City,2018,51,1310,weekly
India,Chennai City,2018,52,1326,weekly
India,Chennai City,2019,1,1287,weekly
India,Chennai City,2019,2,1436,weekly
India,Chennai City,2019,3,1408,weekly
India,Chennai City,2019,4,1415,weekly
India,Chennai City,2019,5,1325,weekly
India,Chennai City,2019,6,1278,weekly
India,Chennai City,2019,7,1255,weekly
India,Chennai City,2019,8,1275,weekly
India,Chennai City,2019,9,1306,weekly
India,Chennai City,2019,10,1220,weekly
India,Chennai City,2019,11,1215,weekly
India,Chennai City,2019,12,1223,weekly
India,Chennai City,2019,13,1142,weekly
India,Chennai City,2019,14,1133,weekly
India,Chennai City,2019,15,1114,weekly
India,Chennai City,2019,16,1181,weekly
India,Chennai City,2019,17,1139,weekly
India,Chennai City,2019,18,1235,weekly
India,Chennai City,2019,19,1325,weekly
India,Chennai City,2019,20,1284,weekly
India,Chennai City,2019,21,1262,weekly
India,Chennai City,2019,22,1328,weekly
India,Chennai City,2019,23,1445,weekly
India,Chennai City,2019,24,1545,weekly
India,Chennai City,2019,25,1573,weekly
India,Chennai City,2019,26,1226,weekly
India,Chennai City,2019,27,1140,weekly
India,Chennai City,2019,28,1179,weekly
India,Chennai City,2019,29,1121,weekly
India,Chennai City,2019,30,1146,weekly
India,Chennai City,2019,31,1194,weekly
India,Chennai City,2019,32,1268,weekly
India,Chennai City,2019,33,1213,weekly
India,Chennai City,2019,34,1136,weekly
India,Chennai City,2019,35,1211,weekly
India,Chennai City,2019,36,1232,weekly
India,Chennai City,2019,37,1344,weekly
India,Chennai City,2019,38,1207,weekly
India,Chennai City,2019,39,1283,weekly
India,Chennai City,2019,40,1301,weekly
India,Chennai City,2019,41,1403,weekly
India,Chennai City,2019,42,1308,weekly
India,Chennai City,2019,43,1393,weekly
India,Chennai City,2019,44,1485,weekly
India,Chennai City,2019,45,1576,weekly
India,Chennai City,2019,46,1404,weekly
India,Chennai City,2019,47,1312,weekly
India,Chennai City,2019,48,1319,weekly
India,Chennai City,2019,49,1284,weekly
India,Chennai City,2019,50,1362,weekly
India,Chennai City,2019,51,1278,weekly
India,Chennai City,2019,52,1328,weekly
India,Chennai City,2020,1,1307,weekly
India,Chennai City,2020,2,1280,weekly
India,Chennai City,2020,3,1341,weekly
India,Chennai City,2020,4,1354,weekly
India,Chennai City,2020,5,1285,weekly
India,Chennai City,2020,6,1322,weekly
India,Chennai City,2020,7,1293,weekly
India,Chennai City,2020,8,1197,weekly
India,Chennai City,2020,9,1233,weekly
India,Chennai City,2020,10,1161,weekly
India,Chennai City,2020,11,1149,weekly
India,Chennai City,2020,12,1123,weekly
India,Chennai City,2020,13,1098,weekly
India,Chennai City,2020,14,997,weekly
India,Chennai City,2020,15,926,weekly
India,Chennai City,2020,16,929,weekly
India,Chennai City,2020,17,990,weekly
India,Chennai City,2020,18,1016,weekly
India,Chennai City,2020,19,1106,weekly
India,Chennai City,2020,20,1251,weekly
India,Chennai City,2020,21,1752,weekly
India,Chennai City,2020,22,1977,weekly
India,Chennai City,2020,23,1879,weekly
India,Chennai City,2020,24,1906,weekly
India,Chennai City,2020,25,1916,weekly
India,Chennai City,2020,26,1643,weekly
India,Chennai City,2020,27,1530,weekly
India,Chennai City,2020,28,1527,weekly
India,Chennai City,2020,29,1376,weekly
India,Chennai City,2020,30,1349,weekly
India,Chennai City,2020,31,1445,weekly
India,Chennai City,2020,32,1411,weekly
India,Chennai City,2020,33,1458,weekly
India,Chennai City,2020,34,1596,weekly
India,Chennai City,2020,35,1641,weekly
India,Chennai City,2020,36,1718,weekly
India,Chennai City,2020,37,1662,weekly
India,Chennai City,2020,38,1581,weekly
India,Chennai City,2020,39,1699,weekly
India,Chennai City,2020,40,1601,weekly
India,Chennai City,2020,41,1641,weekly
India,Chennai City,2020,42,1592,weekly
India,Chennai City,2020,43,1435,weekly
India,Chennai City,2020,44,1358,weekly
India,Chennai City,2020,45,1490,weekly
India,Chennai City,2020,46,1388,weekly
India,Chennai City,2020,47,1370,weekly
India,Chennai City,2020,48,1438,weekly
India,Chennai City,2020,49,1473,weekly
India,Chennai City,2020,50,1541,weekly
India,Chennai City,2020,51,1585,weekly
India,Chennai City,2020,52,1537,weekly
India,Chennai City,2020,53,1432,weekly
India,Chennai City,2021,1,1423,weekly
India,Chennai City,2021,2,1377,weekly
India,Chennai City,2021,3,1422,weekly
India,Chennai City,2021,4,1354,weekly
India,Chennai City,2021,5,1319,weekly
India,Chennai City,2021,6,1314,weekly
India,Chennai City,2021,7,1323,weekly
India,Chennai City,2021,8,1268,weekly
India,Chennai City,2021,9,1299,weekly
India,Chennai City,2021,10,1257,weekly
India,Chennai City,2021,11,1251,weekly
India,Chennai City,2021,12,1295,weekly
India,Chennai City,2021,13,1446,weekly
India,Chennai City,2021,14,1392,weekly
India,Chennai City,2021,15,1644,weekly
India,Chennai City,2021,16,2153,weekly
India,Chennai City,2021,17,2333,weekly
India,Chennai City,2021,18,1936,weekly
India,Chennai City,2021,19,1362,weekly
India,Kolkata City,2015,1,1572,weekly
India,Kolkata City,2015,2,1333,weekly
India,Kolkata City,2015,3,1407,weekly
India,Kolkata City,2015,4,1513,weekly
India,Kolkata City,2015,5,1402,weekly
India,Kolkata City,2015,6,1454,weekly
India,Kolkata City,2015,7,1430,weekly
India,Kolkata City,2015,8,1396,weekly
India,Kolkata City,2015,9,1318,weekly
India,Kolkata City,2015,10,1201,weekly
India,Kolkata City,2015,11,1331,weekly
India,Kolkata City,2015,12,1157,weekly
India,Kolkata City,2015,13,1109,weekly
India,Kolkata City,2015,14,1122,weekly
India,Kolkata City,2015,15,1043,weekly
India,Kolkata City,2015,16,1118,weekly
India,Kolkata City,2015,17,1008,weekly
India,Kolkata City,2015,18,1081,weekly
India,Kolkata City,2015,19,1091,weekly
India,Kolkata City,2015,20,1042,weekly
India,Kolkata City,2015,21,1117,weekly
India,Kolkata City,2015,22,1169,weekly
India,Kolkata City,2015,23,1134,weekly
India,Kolkata City,2015,24,1015,weekly
India,Kolkata City,2015,25,986,weekly
India,Kolkata City,2015,26,998,weekly
India,Kolkata City,2015,27,1051,weekly
India,Kolkata City,2015,28,1080,weekly
India,Kolkata City,2015,29,1057,weekly
India,Kolkata City,2015,30,1077,weekly
India,Kolkata City,2015,31,1096,weekly
India,Kolkata City,2015,32,1221,weekly
India,Kolkata City,2015,33,1271,weekly
India,Kolkata City,2015,34,1142,weekly
India,Kolkata City,2015,35,1149,weekly
India,Kolkata City,2015,36,1171,weekly
India,Kolkata City,2015,37,1444,weekly
India,Kolkata City,2015,38,1213,weekly
India,Kolkata City,2015,39,1155,weekly
India,Kolkata City,2015,40,1296,weekly
India,Kolkata City,2015,41,1183,weekly
India,Kolkata City,2015,42,1113,weekly
India,Kolkata City,2015,43,1149,weekly
India,Kolkata City,2015,44,1194,weekly
India,Kolkata City,2015,45,1167,weekly
India,Kolkata City,2015,46,1218,weekly
India,Kolkata City,2015,47,1235,weekly
India,Kolkata City,2015,48,1201,weekly
India,Kolkata City,2015,49,1222,weekly
India,Kolkata City,2015,50,1241,weekly
India,Kolkata City,2015,51,1319,weekly
India,Kolkata City,2015,52,1498,weekly
India,Kolkata City,2015,53,1616,weekly
India,Kolkata City,2016,1,1508,weekly
India,Kolkata City,2016,2,1473,weekly
India,Kolkata City,2016,3,1447,weekly
India,Kolkata City,2016,4,1557,weekly
India,Kolkata City,2016,5,1367,weekly
India,Kolkata City,2016,6,1330,weekly
India,Kolkata City,2016,7,1247,weekly
India,Kolkata City,2016,8,1163,weekly
India,Kolkata City,2016,9,1149,weekly
India,Kolkata City,2016,10,1168,weekly
India,Kolkata City,2016,11,1082,weekly
India,Kolkata City,2016,12,1146,weekly
India,Kolkata City,2016,13,1012,weekly
India,Kolkata City,2016,14,1201,weekly
India,Kolkata City,2016,15,1394,weekly
India,Kolkata City,2016,16,1073,weekly
India,Kolkata City,2016,17,1098,weekly
India,Kolkata City,2016,18,1018,weekly
India,Kolkata City,2016,19,1043,weekly
India,Kolkata City,2016,20,1030,weekly
India,Kolkata City,2016,21,1056,weekly
India,Kolkata City,2016,22,1090,weekly
India,Kolkata City,2016,23,1113,weekly
India,Kolkata City,2016,24,1087,weekly
India,Kolkata City,2016,25,1172,weekly
India,Kolkata City,2016,26,1079,weekly
India,Kolkata City,2016,27,1145,weekly
India,Kolkata City,2016,28,1238,weekly
India,Kolkata City,2016,29,1230,weekly
India,Kolkata City,2016,30,1225,weekly
India,Kolkata City,2016,31,1218,weekly
India,Kolkata City,2016,32,1366,weekly
India,Kolkata City,2016,33,1297,weekly
India,Kolkata City,2016,34,1221,weekly
India,Kolkata City,2016,35,1215,weekly
India,Kolkata City,2016,36,1180,weekly
India,Kolkata City,2016,37,1240,weekly
India,Kolkata City,2016,38,1236,weekly
India,Kolkata City,2016,39,1252,weekly
India,Kolkata City,2016,40,1201,weekly
India,Kolkata City,2016,41,1235,weekly
India,Kolkata City,2016,42,1345,weekly
India,Kolkata City,2016,43,1291,weekly
India,Kolkata City,2016,44,1233,weekly
India,Kolkata City,2016,45,1290,weekly
India,Kolkata City,2016,46,1396,weekly
India,Kolkata City,2016,47,1414,weekly
India,Kolkata City,2016,48,1423,weekly
India,Kolkata City,2016,49,1403,weekly
India,Kolkata City,2016,50,1511,weekly
India,Kolkata City,2016,51,1586,weekly
India,Kolkata City,2016,52,1566,weekly
India,Kolkata City,2017,1,1516,weekly
India,Kolkata City,2017,2,1589,weekly
India,Kolkata City,2017,3,1692,weekly
India,Kolkata City,2017,4,1600,weekly
India,Kolkata City,2017,5,1464,weekly
India,Kolkata City,2017,6,1556,weekly
India,Kolkata City,2017,7,1398,weekly
India,Kolkata City,2017,8,1370,weekly
India,Kolkata City,2017,9,1322,weekly
India,Kolkata City,2017,10,1182,weekly
India,Kolkata City,2017,11,1348,weekly
India,Kolkata City,2017,12,1268,weekly
India,Kolkata City,2017,13,1153,weekly
India,Kolkata City,2017,14,1127,weekly
India,Kolkata City,2017,15,1164,weekly
India,Kolkata City,2017,16,1221,weekly
India,Kolkata City,2017,17,1312,weekly
India,Kolkata City,2017,18,1267,weekly
India,Kolkata City,2017,19,1162,weekly
India,Kolkata City,2017,20,1269,weekly
India,Kolkata City,2017,21,1360,weekly
India,Kolkata City,2017,22,1156,weekly
India,Kolkata City,2017,23,1167,weekly
India,Kolkata City,2017,24,1115,weekly
India,Kolkata City,2017,25,1080,weekly
India,Kolkata City,2017,26,1053,weekly
India,Kolkata City,2017,27,1124,weekly
India,Kolkata City,2017,28,1158,weekly
India,Kolkata City,2017,29,1214,weekly
India,Kolkata City,2017,30,1359,weekly
India,Kolkata City,2017,31,1372,weekly
India,Kolkata City,2017,32,1421,weekly
India,Kolkata City,2017,33,1475,weekly
India,Kolkata City,2017,34,1445,weekly
India,Kolkata City,2017,35,1338,weekly
India,Kolkata City,2017,36,1401,weekly
India,Kolkata City,2017,37,1325,weekly
India,Kolkata City,2017,38,1345,weekly
India,Kolkata City,2017,39,1266,weekly
India,Kolkata City,2017,40,1342,weekly
India,Kolkata City,2017,41,1285,weekly
India,Kolkata City,2017,42,1312,weekly
India,Kolkata City,2017,43,1345,weekly
India,Kolkata City,2017,44,1388,weekly
India,Kolkata City,2017,45,1431,weekly
India,Kolkata City,2017,46,1420,weekly
India,Kolkata City,2017,47,1414,weekly
India,Kolkata City,2017,48,1638,weekly
India,Kolkata City,2017,49,1520,weekly
India,Kolkata City,2017,50,1513,weekly
India,Kolkata City,2017,51,1505,weekly
India,Kolkata City,2017,52,1643,weekly
India,Kolkata City,2018,1,1642,weekly
India,Kolkata City,2018,2,1962,weekly
India,Kolkata City,2018,3,2043,weekly
India,Kolkata City,2018,4,1878,weekly
India,Kolkata City,2018,5,1802,weekly
India,Kolkata City,2018,6,1600,weekly
India,Kolkata City,2018,7,1459,weekly
India,Kolkata City,2018,8,1493,weekly
India,Kolkata City,2018,9,1382,weekly
India,Kolkata City,2018,10,1315,weekly
India,Kolkata City,2018,11,1237,weekly
India,Kolkata City,2018,12,1236,weekly
India,Kolkata City,2018,13,1105,weekly
India,Kolkata City,2018,14,1058,weekly
India,Kolkata City,2018,15,1094,weekly
India,Kolkata City,2018,16,1215,weekly
India,Kolkata City,2018,17,1133,weekly
India,Kolkata City,2018,18,1140,weekly
India,Kolkata City,2018,19,1103,weekly
India,Kolkata City,2018,20,1088,weekly
India,Kolkata City,2018,21,1124,weekly
India,Kolkata City,2018,22,1109,weekly
India,Kolkata City,2018,23,1079,weekly
India,Kolkata City,2018,24,1214,weekly
India,Kolkata City,2018,25,1350,weekly
India,Kolkata City,2018,26,1092,weekly
India,Kolkata City,2018,27,1131,weekly
India,Kolkata City,2018,28,1054,weekly
India,Kolkata City,2018,29,1095,weekly
India,Kolkata City,2018,30,1109,weekly
India,Kolkata City,2018,31,1179,weekly
India,Kolkata City,2018,32,1277,weekly
India,Kolkata City,2018,33,1298,weekly
India,Kolkata City,2018,34,1235,weekly
India,Kolkata City,2018,35,1217,weekly
India,Kolkata City,2018,36,1179,weekly
India,Kolkata City,2018,37,1305,weekly
India,Kolkata City,2018,38,1361,weekly
India,Kolkata City,2018,39,1298,weekly
India,Kolkata City,2018,40,1410,weekly
India,Kolkata City,2018,41,1233,weekly
India,Kolkata City,2018,42,1321,weekly
India,Kolkata City,2018,43,1325,weekly
India,Kolkata City,2018,44,1321,weekly
India,Kolkata City,2018,45,1242,weekly
India,Kolkata City,2018,46,1290,weekly
India,Kolkata City,2018,47,1346,weekly
India,Kolkata City,2018,48,1409,weekly
India,Kolkata City,2018,49,1394,weekly
India,Kolkata City,2018,50,1563,weekly
India,Kolkata City,2018,51,1620,weekly
India,Kolkata City,2018,52,1833,weekly
India,Kolkata City,2019,1,1938,weekly
India,Kolkata City,2019,2,1751,weekly
India,Kolkata City,2019,3,1836,weekly
India,Kolkata City,2019,4,1712,weekly
India,Kolkata City,2019,5,1650,weekly
India,Kolkata City,2019,6,1721,weekly
India,Kolkata City,2019,7,1634,weekly
India,Kolkata City,2019,8,1644,weekly
India,Kolkata City,2019,9,1422,weekly
India,Kolkata City,2019,10,1469,weekly
India,Kolkata City,2019,11,1415,weekly
India,Kolkata City,2019,12,1377,weekly
India,Kolkata City,2019,13,1301,weekly
India,Kolkata City,2019,14,1203,weekly
India,Kolkata City,2019,15,1189,weekly
India,Kolkata City,2019,16,1183,weekly
India,Kolkata City,2019,17,1261,weekly
India,Kolkata City,2019,18,1131,weekly
India,Kolkata City,2019,19,1237,weekly
India,Kolkata City,2019,20,1148,weekly
India,Kolkata City,2019,21,1264,weekly
India,Kolkata City,2019,22,1165,weekly
India,Kolkata City,2019,23,1240,weekly
India,Kolkata City,2019,24,1299,weekly
India,Kolkata City,2019,25,1214,weekly
India,Kolkata City,2019,26,1295,weekly
India,Kolkata City,2019,27,1222,weekly
India,Kolkata City,2019,28,1208,weekly
India,Kolkata City,2019,29,1299,weekly
India,Kolkata City,2019,30,1177,weekly
India,Kolkata City,2019,31,1105,weekly
India,Kolkata City,2019,32,1077,weekly
India,Kolkata City,2019,33,1134,weekly
India,Kolkata City,2019,34,1185,weekly
India,Kolkata City,2019,35,1178,weekly
India,Kolkata City,2019,36,1135,weekly
India,Kolkata City,2019,37,1151,weekly
India,Kolkata City,2019,38,1245,weekly
India,Kolkata City,2019,39,1125,weekly
India,Kolkata City,2019,40,1331,weekly
India,Kolkata City,2019,41,1257,weekly
India,Kolkata City,2019,42,1316,weekly
India,Kolkata City,2019,43,1251,weekly
India,Kolkata City,2019,44,1442,weekly
India,Kolkata City,2019,45,1299,weekly
India,Kolkata City,2019,46,1378,weekly
India,Kolkata City,2019,47,1347,weekly
India,Kolkata City,2019,48,1385,weekly
India,Kolkata City,2019,49,1387,weekly
India,Kolkata City,2019,50,1379,weekly
India,Kolkata City,2019,51,1451,weekly
India,Kolkata City,2019,52,1681,weekly
India,Kolkata City,2020,1,1851,weekly
India,Kolkata City,2020,2,1794,weekly
India,Kolkata City,2020,3,1739,weekly
India,Kolkata City,2020,4,1528,weekly
India,Kolkata City,2020,5,1600,weekly
India,Kolkata City,2020,6,1612,weekly
India,Kolkata City,2020,7,1646,weekly
India,Kolkata City,2020,8,1483,weekly
India,Kolkata City,2020,9,1374,weekly
India,Kolkata City,2020,10,1272,weekly
India,Kolkata City,2020,11,1241,weekly
India,Kolkata City,2020,12,1214,weekly
India,Kolkata City,2020,13,1140,weekly
India,Kolkata City,2020,14,1190,weekly
India,Kolkata City,2020,15,1124,weekly
India,Kolkata City,2020,16,1148,weekly
India,Kolkata City,2020,17,1077,weekly
India,Kolkata City,2020,18,1122,weekly
India,Kolkata City,2020,19,1221,weekly
India,Kolkata City,2020,20,1298,weekly
India,Kolkata City,2020,21,1186,weekly
India,Kolkata City,2020,22,1169,weekly
India,Kolkata City,2020,23,1260,weekly
India,Kolkata City,2020,24,1073,weekly
India,Kolkata City,2020,25,1129,weekly
India,Kolkata City,2020,26,1176,weekly
India,Kolkata City,2020,27,1281,weekly
India,Kolkata City,2020,28,1331,weekly
India,Kolkata City,2020,29,1513,weekly
India,Kolkata City,2020,30,1601,weekly
India,Kolkata City,2020,31,1649,weekly
India,Kolkata City,2020,32,1552,weekly
India,Kolkata City,2020,33,1512,weekly
India,Kolkata City,2020,34,1426,weekly
India,Kolkata City,2020,35,1391,weekly
India,Kolkata City,2020,36,1415,weekly
India,Kolkata City,2020,37,1391,weekly
India,Kolkata City,2020,38,1476,weekly
India,Kolkata City,2020,39,1340,weekly
India,Kolkata City,2020,40,1457,weekly
India,Kolkata City,2020,41,1494,weekly
India,Kolkata City,2020,42,1618,weekly
India,Kolkata City,2020,43,1586,weekly
India,Kolkata City,2020,44,1664,weekly
India,Kolkata City,2020,45,1728,weekly
India,Kolkata City,2020,46,1684,weekly
India,Kolkata City,2020,47,1616,weekly
India,Kolkata City,2020,48,1723,weekly
India,Kolkata City,2020,49,1706,weekly
India,Kolkata City,2020,50,1718,weekly
India,Kolkata City,2020,51,1605,weekly
India,Kolkata City,2020,52,1697,weekly
India,Kolkata City,2020,53,1714,weekly
India,Kolkata City,2021,1,1635,weekly
India,Kolkata City,2021,2,1339,weekly
India,Kolkata City,2021,3,1386,weekly
India,Kolkata City,2021,4,1275,weekly
India,Kolkata City,2021,5,1475,weekly
India,Kolkata City,2021,6,1348,weekly
India,Kolkata City,2021,7,1195,weekly
India,Kolkata City,2021,8,1142,weekly
India,Kolkata City,2021,9,1091,weekly
India,Kolkata City,2021,10,946,weekly
India,Kolkata City,2021,11,989,weekly
India,Kolkata City,2021,12,979,weekly
India,Kolkata City,2021,13,958,weekly
India,Kolkata City,2021,14,1171,weekly
India,Kolkata City,2021,15,1566,weekly
India,Kolkata City,2021,16,2395,weekly
India,Kolkata City,2021,17,3209,weekly
India,Kolkata City,2021,18,3384,weekly
Argentina,Buenos Aires Province,2020,1,9646,monthly
Argentina,Buenos Aires Province,0,1,10023,monthly
Argentina,Buenos Aires Province,2020,2,9083,monthly
Argentina,Buenos Aires Province,0,2,8947,monthly
Argentina,Buenos Aires Province,2020,3,9778,monthly
Argentina,Buenos Aires Province,0,3,9752,monthly
Argentina,Buenos Aires Province,2020,4,9584,monthly
Argentina,Buenos Aires Province,0,4,9766,monthly
Argentina,Buenos Aires Province,2020,5,10553,monthly
Argentina,Buenos Aires Province,0,5,11316,monthly
Argentina,Buenos Aires Province,2020,6,11340,monthly
Argentina,Buenos Aires Province,0,6,12826,monthly
Argentina,Buenos Aires Province,2020,7,15269,monthly
Argentina,Buenos Aires Province,0,7,13253,monthly
Argentina,Buenos Aires Province,2020,8,15996,monthly
Argentina,Buenos Aires Province,0,8,12167,monthly
Argentina,Buenos Aires Province,2020,9,15759,monthly
Argentina,Buenos Aires Province,0,9,11197,monthly
Argentina,Buenos Aires Province,2020,10,14318,monthly
Argentina,Buenos Aires Province,0,10,10828,monthly
Argentina,Buenos Aires Province,2020,11,12142,monthly
Argentina,Buenos Aires Province,0,11,9615,monthly
Argentina,Buenos Aires Province,2020,12,12142,monthly
Argentina,Buenos Aires Province,0,12,10260,monthly
Argentina,Cordoba Province,2020,1,2326,monthly
Argentina,Cordoba Province,2021,1,2796,monthly
Argentina,Cordoba Province,2019,1,2119,monthly
Argentina,Cordoba Province,2020,2,2240,monthly
Argentina,Cordoba Province,2021,2,2510,monthly
Argentina,Cordoba Province,2019,2,2064,monthly
Argentina,Cordoba Province,2020,3,2331,monthly
Argentina,Cordoba Province,2021,3,2680,monthly
Argentina,Cordoba Province,2019,3,2232,monthly
Argentina,Cordoba Province,2020,4,2246,monthly
Argentina,Cordoba Province,2021,4,2997,monthly
Argentina,Cordoba Province,2019,4,2173,monthly
Argentina,Cordoba Province,2020,5,2448,monthly
Argentina,Cordoba Province,2019,5,2561,monthly
Argentina,Cordoba Province,2020,6,2608,monthly
Argentina,Cordoba Province,2019,6,2655,monthly
Argentina,Cordoba Province,2020,7,3117,monthly
Argentina,Cordoba Province,2019,7,3134,monthly
Argentina,Cordoba Province,2020,8,2861,monthly
Argentina,Cordoba Province,2019,8,3108,monthly
Argentina,Cordoba Province,2020,9,3220,monthly
Argentina,Cordoba Province,2019,9,2929,monthly
Argentina,Cordoba Province,2020,10,4404,monthly
Argentina,Cordoba Province,2019,10,2564,monthly
Argentina,Cordoba Province,2020,11,3527,monthly
Argentina,Cordoba Province,2019,11,2288,monthly
Argentina,Cordoba Province,2020,12,2844,monthly
Argentina,Cordoba Province,2019,12,2498,monthly
India,Nagpur City,2020,3,1415,monthly
India,Nagpur City,2021,3,3168,monthly
India,Nagpur City,2020,4,1311,monthly
India,Nagpur City,2019,4,1583,monthly
India,Nagpur City,2020,5,1624,monthly
India,Nagpur City,2019,5,1900,monthly
India,Nagpur City,2020,6,1512,monthly
India,Nagpur City,2019,6,1678,monthly
India,Nagpur City,2020,7,1808,monthly
India,Nagpur City,2019,7,1590,monthly
India,Nagpur City,2020,8,3385,monthly
India,Nagpur City,2019,8,1787,monthly
India,Nagpur City,2020,9,4096,monthly
India,Nagpur City,2019,9,1958,monthly
India,Nagpur City,2020,10,2387,monthly
India,Nagpur City,2019,10,1801,monthly
India,Nagpur City,2020,11,2325,monthly
India,Nagpur City,2019,11,1775,monthly
India,Nagpur City,2020,12,1934,monthly
India,Nagpur City,2019,12,2166,monthly
India,Mumbai City,2020,1,8065,monthly
India,Mumbai City,2019,1,8324,monthly
India,Mumbai City,2018,1,8306,monthly
India,Mumbai City,2017,1,8004,monthly
India,Mumbai City,2020,2,7447,monthly
India,Mumbai City,2019,2,7797,monthly
India,Mumbai City,2018,2,7305,monthly
India,Mumbai City,2017,2,7158,monthly
India,Mumbai City,2020,3,7071,monthly
India,Mumbai City,2019,3,7155,monthly
India,Mumbai City,2018,3,7436,monthly
India,Mumbai City,2017,3,7810,monthly
India,Mumbai City,2020,4,7648,monthly
India,Mumbai City,2019,4,6752,monthly
India,Mumbai City,2018,4,6719,monthly
India,Mumbai City,2017,4,6234,monthly
India,Mumbai City,2020,5,14663,monthly
India,Mumbai City,2019,5,7335,monthly
India,Mumbai City,2018,5,7407,monthly
India,Mumbai City,2020,6,11874,monthly
India,Mumbai City,2019,6,6732,monthly
India,Mumbai City,2018,6,6874,monthly
India,Mumbai City,2020,7,9948,monthly
India,Mumbai City,2019,7,7931,monthly
India,Mumbai City,2018,7,7336,monthly
India,Mumbai City,2020,8,9668,monthly
India,Mumbai City,2019,8,8164,monthly
India,Mumbai City,2018,8,7372,monthly
India,Mumbai City,2020,9,9966,monthly
India,Mumbai City,2019,9,7953,monthly
India,Mumbai City,2018,9,7231,monthly
India,Mumbai City,2020,10,9690,monthly
India,Mumbai City,2020,11,7614,monthly
India,Mumbai City,2020,12,8288,monthly
India,Ahmedabad City,2020,4,3558,monthly
India,Ahmedabad City,2019,4,2784,monthly
India,Ahmedabad City,2020,5,7150,monthly
India,Ahmedabad City,2019,5,2706,monthly
Indonesia,Jakarta Province,2020,1,6262,monthly
Indonesia,Jakarta Province,2021,1,9095,monthly
Indonesia,Jakarta Province,2019,1,4997,monthly
Indonesia,Jakarta Province,2018,1,5030,monthly
Indonesia,Jakarta Province,2017,1,4835,monthly
Indonesia,Jakarta Province,2016,1,4605,monthly
Indonesia,Jakarta Province,2015,1,4340,monthly
Indonesia,Jakarta Province,2020,2,5792,monthly
Indonesia,Jakarta Province,2019,2,4881,monthly
Indonesia,Jakarta Province,2018,2,4113,monthly
Indonesia,Jakarta Province,2017,2,3927,monthly
Indonesia,Jakarta Province,2016,2,4626,monthly
Indonesia,Jakarta Province,2015,2,4189,monthly
Indonesia,Jakarta Province,2020,3,3733,monthly
Indonesia,Jakarta Province,2019,3,5281,monthly
Indonesia,Jakarta Province,2018,3,4779,monthly
Indonesia,Jakarta Province,2017,3,4858,monthly
Indonesia,Jakarta Province,2016,3,5516,monthly
Indonesia,Jakarta Province,2015,3,4804,monthly
Indonesia,Jakarta Province,2020,4,3812,monthly
Indonesia,Jakarta Province,2019,4,4865,monthly
Indonesia,Jakarta Province,2018,4,5173,monthly
Indonesia,Jakarta Province,2017,4,4008,monthly
Indonesia,Jakarta Province,2016,4,5073,monthly
Indonesia,Jakarta Province,2015,4,4411,monthly
Indonesia,Jakarta Province,2020,5,4820,monthly
Indonesia,Jakarta Province,2019,5,4681,monthly
Indonesia,Jakarta Province,2018,5,4846,monthly
Indonesia,Jakarta Province,2017,5,4746,monthly
Indonesia,Jakarta Province,2016,5,4895,monthly
Indonesia,Jakarta Province,2015,5,4251,monthly
Indonesia,Jakarta Province,2020,6,8496,monthly
Indonesia,Jakarta Province,2019,6,4383,monthly
Indonesia,Jakarta Province,2018,6,3257,monthly
Indonesia,Jakarta Province,2017,6,3062,monthly
Indonesia,Jakarta Province,2016,6,4286,monthly
Indonesia,Jakarta Province,2015,6,4491,monthly
Indonesia,Jakarta Province,2020,7,7854,monthly
Indonesia,Jakarta Province,2019,7,5756,monthly
Indonesia,Jakarta Province,2018,7,5685,monthly
Indonesia,Jakarta Province,2017,7,5072,monthly
Indonesia,Jakarta Province,2016,7,3910,monthly
Indonesia,Jakarta Province,2015,7,4181,monthly
Indonesia,Jakarta Province,2020,8,6657,monthly
Indonesia,Jakarta Province,2019,8,5176,monthly
Indonesia,Jakarta Province,2018,8,5013,monthly
Indonesia,Jakarta Province,2017,8,5027,monthly
Indonesia,Jakarta Province,2016,8,4890,monthly
Indonesia,Jakarta Province,2015,8,4434,monthly
Indonesia,Jakarta Province,2020,9,6997,monthly
Indonesia,Jakarta Province,2019,9,5170,monthly
Indonesia,Jakarta Province,2018,9,4464,monthly
Indonesia,Jakarta Province,2017,9,4445,monthly
Indonesia,Jakarta Province,2016,9,4682,monthly
Indonesia,Jakarta Province,2015,9,4548,monthly
Indonesia,Jakarta Province,2020,10,6470,monthly
Indonesia,Jakarta Province,2019,10,5660,monthly
Indonesia,Jakarta Province,2018,10,5509,monthly
Indonesia,Jakarta Province,2017,10,4829,monthly
Indonesia,Jakarta Province,2016,10,4792,monthly
Indonesia,Jakarta Province,2015,10,4956,monthly
Indonesia,Jakarta Province,2020,11,8568,monthly
Indonesia,Jakarta Province,2019,11,4636,monthly
Indonesia,Jakarta Province,2018,11,5058,monthly
Indonesia,Jakarta Province,2017,11,5009,monthly
Indonesia,Jakarta Province,2016,11,4686,monthly
Indonesia,Jakarta Province,2015,11,4644,monthly
Indonesia,Jakarta Province,2020,12,7519,monthly
Indonesia,Jakarta Province,2019,12,5469,monthly
Indonesia,Jakarta Province,2018,12,4253,monthly
Indonesia,Jakarta Province,2017,12,3943,monthly
Indonesia,Jakarta Province,2016,12,4329,monthly
Indonesia,Jakarta Province,2015,12,4573,monthly
Pakistan,Karachi City,2020,1,2849,monthly
Pakistan,Karachi City,2020,2,2278,monthly
Pakistan,Karachi City,2020,3,1978,monthly
Pakistan,Karachi City,2020,5,2250,monthly
Pakistan,Karachi City,2020,6,3594,monthly
Pakistan,Karachi City,2019,6,2375,monthly
Pakistan,Karachi City,2019,10,2013,monthly
Pakistan,Karachi City,2019,11,1807,monthly
Pakistan,Karachi City,2019,12,2302,monthly
Sudan,Khartoum State,2020,4,1433,monthly
Sudan,Khartoum State,2019,4,497,monthly
Sudan,Khartoum State,2020,5,2216,monthly
Sudan,Khartoum State,2019,5,704,monthly
Yemen,Aden Governorate,2020,1,268,monthly
Yemen,Aden Governorate,2019,1,436,monthly
Yemen,Aden Governorate,2018,1,323,monthly
Yemen,Aden Governorate,2017,1,247,monthly
Yemen,Aden Governorate,2020,2,261,monthly
Yemen,Aden Governorate,2019,2,509,monthly
Yemen,Aden Governorate,2018,2,295,monthly
Yemen,Aden Governorate,2017,2,213,monthly
Yemen,Aden Governorate,2020,3,251,monthly
Yemen,Aden Governorate,2019,3,440,monthly
Yemen,Aden Governorate,2018,3,327,monthly
Yemen,Aden Governorate,2017,3,235,monthly
Yemen,Aden Governorate,2020,4,314,monthly
Yemen,Aden Governorate,2019,4,489,monthly
Yemen,Aden Governorate,2018,4,291,monthly
Yemen,Aden Governorate,2017,4,266,monthly
Yemen,Aden Governorate,2020,5,1823,monthly
Yemen,Aden Governorate,2019,5,306,monthly
Yemen,Aden Governorate,2018,5,264,monthly
Yemen,Aden Governorate,2017,5,303,monthly
Yemen,Aden Governorate,2020,6,795,monthly
Belarus,Minsk City,2020,1,1579,monthly
Belarus,Minsk City,2019,1,1519,monthly
Belarus,Minsk City,2020,2,1496,monthly
Belarus,Minsk City,2019,2,1519,monthly
Belarus,Minsk City,2020,3,1617,monthly
Belarus,Minsk City,2019,3,1519,monthly
Belarus,Minsk City,2020,4,1769,monthly
Belarus,Minsk City,2019,4,1444,monthly
Belarus,Minsk City,2020,5,2061,monthly
Belarus,Minsk City,2019,5,1444,monthly
Belarus,Minsk City,2020,6,1999,monthly
Belarus,Minsk City,2019,6,1444,monthly
Belarus,Minsk City,2020,7,1630,monthly
Belarus,Minsk City,2019,7,1389,monthly
Belarus,Minsk City,2020,8,1623,monthly
Belarus,Minsk City,2019,8,1389,monthly
Belarus,Minsk City,2020,9,1716,monthly
Belarus,Minsk City,2019,9,1389,monthly
Belarus,Minsk City,2020,10,1948,monthly
Belarus,Minsk City,2019,10,1456,monthly
Belarus,Minsk City,2020,11,2333,monthly
Belarus,Minsk City,2019,11,1456,monthly
Belarus,Minsk City,2020,12,2683,monthly
Belarus,Minsk City,2019,12,1456,monthly
Syria,Damascus City,2020,1,1252.6011560693642,monthly
Syria,Damascus City,2019,1,994.2521676300578,monthly
Syria,Damascus City,2018,1,754.1702793834296,monthly
Syria,Damascus City,2017,1,968.156310211946,monthly
Syria,Damascus City,2020,2,1189.971098265896,monthly
Syria,Damascus City,2019,2,788.0948940269749,monthly
Syria,Damascus City,2018,2,772.4373795761079,monthly
Syria,Damascus City,2017,2,1090.8068400770712,monthly
Syria,Damascus City,2020,3,931.6221098265895,monthly
Syria,Damascus City,2019,3,803.752408477842,monthly
Syria,Damascus City,2018,3,1082.9780828516377,monthly
Syria,Damascus City,2017,3,874.2112235067436,monthly
Syria,Damascus City,2020,4,589.7663776493256,monthly
Syria,Damascus City,2019,4,955.1083815028901,monthly
Syria,Damascus City,2018,4,845.5057803468208,monthly
Syria,Damascus City,2017,4,853.3345375722542,monthly
Syria,Damascus City,2020,5,767.2182080924855,monthly
Syria,Damascus City,2019,5,868.9920520231213,monthly
Syria,Damascus City,2018,5,801.1428227360308,monthly
Syria,Damascus City,2017,5,861.1632947976879,monthly
Syria,Damascus City,2020,6,905.5262524084778,monthly
Syria,Damascus City,2019,6,947.2796242774566,monthly
Syria,Damascus City,2018,6,822.0195086705202,monthly
Syria,Damascus City,2017,6,639.348506743738,monthly
Syria,Damascus City,2020,7,2560.0036127167627,monthly
Syria,Damascus City,2019,7,850.7249518304432,monthly
Syria,Damascus City,2018,7,764.6086223506743,monthly
Syria,Damascus City,2017,7,861.1632947976879,monthly
Syria,Damascus City,2020,8,3478.5777938342967,monthly
Syria,Damascus City,2019,8,921.1837668593448,monthly
Syria,Damascus City,2018,8,720.2456647398843,monthly
Syria,Damascus City,2017,8,730.684007707129,monthly
Syria,Damascus City,2020,9,1085.5876685934488,monthly
Syria,Damascus City,2019,9,733.2935934489402,monthly
Syria,Damascus City,2018,9,608.0334778420038,monthly
Syria,Damascus City,2017,9,628.9101637764933,monthly
Syria,Damascus City,2020,10,1049.0534682080925,monthly
Syria,Damascus City,2019,10,861.1632947976879,monthly
Syria,Damascus City,2018,10,808.9715799614643,monthly
Syria,Damascus City,2017,10,761.9990366088632,monthly
Syria,Damascus City,2020,11,1375.2516859344894,monthly
Syria,Damascus City,2019,11,929.0125240847784,monthly
Syria,Damascus City,2018,11,691.5402215799614,monthly
Syria,Damascus City,2017,11,631.5197495183044,monthly
Syria,Damascus City,2020,12,1654.4773603082851,monthly
Syria,Damascus City,2019,12,1182.1423410404623,monthly
Syria,Damascus City,2018,12,814.1907514450867,monthly
Syria,Damascus City,2017,12,832.4578516377649,monthly
